example_id,source_id,text,emotion
E0001,edqmafp,You just made me so happy.,joy
E0002,edb1k6f,This is something I try to do every day and it makes me feel so at peace,joy
E0003,ed8ei53,You're in for a treat- enjoy :),joy
E0004,edqlu8c,Ate too much “hot chips”,joy
E0005,edzn3b8,Its natural to fear what is unknown. Especially when someone is trying to force you to open a sketchy box while probably grinning the whole time.,fear
E0006,efa5bmw,happy early birthday OP! have fun !,joy
E0007,ee4pzic,One my favorite seasons to rewatch. All the glorious fights. [NAME] is forever a queen,joy
E0008,ed8q9ly,"Oooh, hasn't seen that one. My favourite song is the first half of Miss Me.",joy
E0009,ef4e3zp,"Oh wow, I feel bad for the parents, they had no idea",sadness
E0010,ee5l0rp,"How dare you interrupt the circle jerk. Out, sir.",anger
E0011,eevep1z,A lack of the romantic partner is the stressful situation in my life.,sadness
E0012,ee5mrte,Terrible... children are innocent and precious. This is so barbaric.,anger
E0013,ee0v0ma,Okay that was funny lol,joy
E0014,ed8v3mf,That hurt too much to watch twice.,sadness
E0015,eendx2p,It's harder to find a decent picture of him,sadness
E0016,eeugosp,It’s really sad to see,sadness
E0017,eeapc12,Tear all of it down - that place is such a horrific example of trash civil engineering,fear
E0018,eevhwlj,It didnt last long sadly,sadness
E0019,eeaproq,"Ahhh okay my bad I misread your comment, I thought you meant we’d be trading him if he plays poorly ",sadness
E0020,ef5ns40,"yeah, there's even more registered online. scary.",fear
E0021,eel3cf5,I lived across the street from it as a child. Used to swim in it as a kid...Ignorance is bliss.,joy
E0022,efa51vh,>How do you know I didn't Because you posted this dumbass post. And only someone who didn't would say that,anger
E0023,efbonni,[NAME] here...that guac looks horrible,fear
E0024,ef6f3jd,Your nan and dad are both trash. I am so glad you were able to pull yourself up and rise above. 💕,joy
E0025,eefc5qp,*aggressively tells friend I love them*,anger
E0026,edp4m3v,"By ranting aimlessly on the internet about it, obviously ;)",anger
E0027,ed6g66v,Someone tell me why they are out passing us they taking the game to us when we should be controlling the tempo of the ball to keep the lead.,anger
E0028,ed8cmox,Very sad news for the man. Widespread travel disruption is expected for the evening commute,sadness
E0029,edwr3cq,In my few years playing I never knew this ... I feel so lost now,sadness
E0030,eei7jdi,It’s been over 20 years since I rode the 15. I’m still traumatized.,sadness
E0031,edv19pi,I would be creeped out.,fear
E0032,eeny43w,"Screw DBs swill, their creepy Children of God (cult) employees, and the traffic mess it creates on Rural in Tempe",anger
E0033,edasfdf,"Oh like ""both of."" Gotcha. Good times",joy
E0034,ed78un2,"Oh, the horror! We must defend the honor of Lord [NAME] against the scum of r/NFL!!",fear
E0035,ed3bbkl,"I know I should be worried, but I am not, which makes me very worried. ",fear
E0036,ee1cddm,"My girlfriend barely tolerates me showering in the morning, she'd be furious if I'd let an alarm ring while I'm away. And rightfully so. ",anger
E0037,eebbtqd,That would be so nice to see,joy
E0038,edznxiw,"Happiness is not earned, it is a choice that can be made once your basic needs are met.",joy
E0039,efdh02j,[NAME] i feel personally attacked,sadness
E0040,edn78m5,"""I lost control"" would have been an understandable explanation. ""It lost control"" is not. ",anger
E0041,ee2ac62,That sounds a little paranoid,fear
E0042,eebvpzo,STOP GETTING FACTS FROM [NAME] AND THE CORRUPT STATE ..lol,anger
E0043,eeywwvq,Maybe it's as dangerous for [NAME] to whip people up talking about treason and betrayal and all that as it is when [NAME] do it. Fancy that.,fear
E0044,ef9k0op,My grandmother-in-law does this. I’m sorry to anyone in the Va Beach area.,sadness
E0045,ee6fu0y,I was worried about that too honestly,fear
E0046,ee6juy3,this is my worst fear,fear
E0047,eedj3c3,That's one of the only times I've ever felt bad for [NAME]. He was relentless and would not let it go!,sadness
E0048,ef4t1sf,Coincidence..only 2 hours ago I opened a roll of US quarters Ive had for a few months..16 regular pcs...and 24 states quarters. 24..quite happy.,joy
E0049,ed7ypvh,To make her feel threatened,fear
E0050,ede0hwl,What's really sad is that [NAME] wants to outlaw gay dads. I'm literally shaking.,sadness
E0051,ed1t3tt,I'm elated to hear that 🤗,joy
E0052,edbyls6,"I might be alone here, but it was probably Blame Game. I don't think I heard a rap song with that much emotional intensity before.",sadness
E0053,efeyho0,Problem is that picture is there before you ever set foot in the cabin; [NAME] put it there. Just makes it creepy.,fear
E0054,ef2tb8h,It's because you play against 1000 ms ping EU players that have no idea what's going on. Happy hunting!,joy
E0055,edl0che,They’re all nothing but a pack of liers and should all be thrown in jail,anger
E0056,eenk5ie,Super Bowls are overrated anyways. s. I'm more angry about back-to-back seasons ending on a fade to Crabtree in the endzone.,anger
E0057,ed9jby0,I mean if my wife looks like that when I get married then I’ll be quite happy.,joy
E0058,eczrzch,"Slap her hand if she is trying to force you to do anything! Tell her not to put her hands on you, and enforce it every time. ",anger
E0059,eep9b4y,I’m definitely leaving him. I have a 0 tolerance for cheating and won’t be staying for it to happen again,anger
E0060,eer6ht8,Very sad. People like this are ruining Aus.,sadness
E0061,eeddi3d,Yo this [NAME] was literally pulling moves out of the Hitman games jumping over to your balcony. Thats terrifying.,fear
E0062,edk4w8s,"Well, it wasnt by 31.... So im still mad.",anger
E0063,edyz39n,"No worries, glad I could help. Just pleased I started learning to read!",joy
E0064,ed8dyzo,That’s Grandpa [NAME]. I stomp flaming bags with my boots,anger
E0065,ee110l1,I prefer having the TV in the background more than music. Music is something I enjoy in the car or walking in the city.,joy
E0066,edlone1,I prefer console and most of my friends play cod. I still enjoy gbs every year,joy
E0067,edhnoy8,Its fun to draw in an empty space.,joy
E0068,ee0r204," that’s actually sad, feel bad for him :/",sadness
E0069,ee7v3lc,"Such a sad, angry person. Take a break from reddit and go take up cycling or something.",anger
E0070,ed95zoz,My pleasure ☺️ hope you enjoy! She seems very sweet.,joy
E0071,edvz8it,"""IT'S GET YOUR GAME ON! SAY IT RIGHT!""",anger
E0072,edciwc1,"I had a nightmare about something similar, the combination of high walls and water is truly scary",fear
E0073,edns1tv,"This is a huge stretch, but I would enjoy seeing some tweets from her hubby about it...",joy
E0074,edu9tv3,ahhhhh no how dare i have morals of course the most important thing is that my favorite football team has a better special teams coordinator,joy
E0075,ef8d4ag,dude stop your gonna make me cry. This is horrible please don't do this STOP right now. Dont it's just not worth it,fear
E0076,eeo2nvr,I have a bad feeling about this.,fear
E0077,ed1wwms,You get a lot more freedom and free time. College is a blast,joy
E0078,eefyfj2,All the centrist liberals in the comments are furious...,anger
E0079,edpsmk4,Luckily my wages are rising faster to compensate. Oh wait...,joy
E0080,ef8qvel,I was afraid of that .,fear
E0081,eczhdsl,You sound fun at parties,joy
E0082,edojfdx,WILL YOU TWO SHUT UP? PEOPLE ARE TRYING TO SLEEP,anger
E0083,ed9b84g,It's tasty. Had one on bone marrow once. I've had weirder things before,fear
E0084,eeszd0g,But everybody got mad when Russia recognized [NAME] as US president. Go figure.,anger
E0085,ef4pyn8,Coming from [NAME] even though it’s a hypothetical question it’s still gotta feel scary,fear
E0086,ed79fb4,That dog was so happy I thought he was gonna start flying like tails the fox in sonic,joy
E0087,eexvrcp,that number 3 is soooo familiar and sad.,sadness
E0088,edicmd0,I am so so happy for you. <3,joy
E0089,eewmg5r,"True, but I meant he has no holiday themed skin from any of those events and all his skins (volsksya included) are pretty bland sadly...",sadness
E0090,ee0vgym,General population are scared of press,fear
E0091,edahcsp,"It was a few years ago now, I’m afraid I don’t have it or I would.",fear
E0092,ed4kjeb,"Your imaginary boyfriend is kinda creepy. Although, if he's kinky then he may be for keeps. *wink ",fear
E0093,edk8ure,"I freakin’ love doing this, too!!! Makes me happy for a second or two!",joy
E0094,edad65q,Dont keep your mouth shut.,anger
E0095,ed90t83,"They've actually gotten a bit worse :D Started with just a dry cough, now it's pain swallowing, stuffed nose, but the cough is now better",sadness
E0096,ee15az7,This is the noise I make in my girlfriend’s ear while y’all are still scared to moan,fear
E0097,eectuqa,I was in the top 3 on solo and lost solely due to buddy having 2 concussions.,sadness
E0098,ee2zo2m,"You sure are outraged about some people making fun of [NAME]. Gee, that's easy!",anger
E0099,ednagm8,"Not gonna happen, pure delusion I *aggressively* call this ridiculous bluff",anger
E0100,edv1tfy,Well this all started Wednesday. But I’ve been unhappy with my life for weeks now,sadness
E0101,ed4eumc,"It’s been good, made me able to function much much better. ",joy
E0102,efc9012,"Can confirm as my first time commuting by motorcycle in the rain there was hail, then lots of thunder bolts and lightning , found it very very frightening. ",fear
E0103,ee4tl6j,"I walked 500 miles and then I walked 500 more, you can’t relate to my pain 😤",sadness
E0104,ef46ecg,"You know when I typed ""legal tender"" I had a horrible feeling I was going down a rabbit hole.",fear
E0105,eddkean,You’re welcome! It’ll absolutely be worth it. And it’ll be fun! :D,joy
E0106,eff6pd9,"I'm glad you can relate. I'm glad in a really alienated, empty way. But glad, still. Probably.",joy
E0107,eeayt01,now I kinda wish [NAME] wasn't an imaginary cartoon character because this would actually be fun.,joy
E0108,ef69j0j,"As a computer science student but also a lifelong [NAME], the issues surrounding Amazon in Queens have left me substantially torn. ",sadness
E0109,edhs7vb,Why hasn't he been made GM yet???,anger
E0110,ede8pm6,I'm sorry I imagine that was devastating.,sadness
E0111,eewm71i,I love how the dog is just happy the cat is giving him attention.,joy
E0112,eeqz7ws,And..the reality of it hurts,sadness
E0113,edjdh3d,That would be really rough. However she is so incompetent I wouldn’t be surprised if she self immolates,sadness
E0114,eebiyju,You look like a failed attempt to gene splice [NAME] and [NAME] DNA,sadness
E0115,edjvrbq,"Shouldn't have insulted chungus like that, if I see you in the fog you gon get facecamped",anger
E0116,eef8et1,"That sounds like it was an absolute nightmare, I'm sorry you had to go through that, anesthetic failing is a horrifying experience. ",fear
E0117,edolmg7,Let them argue. We've never done anything remotely as bad as MOST OF THE WORLD does routinely.,anger
E0118,eds00p1,this makes me miss my girflriend,sadness
E0119,edzb3ng,"Spending my first day ever in Europe. In Oslo, with an amazing girl I met visiting Texas from Norway about a year ago. ",joy
E0120,eedpdip,Only children are scared to take trains by themselves ...oh wait.,fear
E0121,eda6snp,Oops! The bottle was so oily it slipped outta my hand and into the trash!,sadness
E0122,eeqnulq,I'm kinda afraid to ask but did anyone reply?,fear
E0123,edvwt36,Wow i've sat like all of those,joy
E0124,eeafduc,"Either way, I am afraid his marriage is over. She doesn't respect him anymore...",fear
E0125,edb8u2w,Then getting irrationally angry when they don’t see it your way.,anger
E0126,efebcgj,I am glad your okay.,joy
E0127,eeg9vjj,Exactly! Someone think of the billionaires! Sometimes I pretend I’m one and it’s really fun :),joy
E0128,edi4n6c,Yeah but you're not anymore I'm afraid.,fear
E0129,ee0dfr6,"Not only does the overbooking hurt the customers financials and time, but violations like this one put lives in danger.",sadness
E0130,efbg8k9,toy has lost its value,sadness
E0131,eeuoqxz,"Other than some wacky pick up orders, the dine-in customers are very sweet at my place. It’s a good thing :)",joy
E0132,ee9aj79,Sounds like a really bad time. Just wait till you have a nice time and place to trip.,sadness
E0133,ed2zxig,"I believe that show scared straight was actually a massive failure, it got viewers but concept of it never resulted in the kids actually being 'scared straight'.",fear
E0134,edh39ib,"Can we ban posts about him now he's a predator? It just makes me sad now, Idk about anyone else",sadness
E0135,ee1is6k,Because you deserve to live and be happy,joy
E0136,ed1by8h,"[NAME] is bae, how dare you.",anger
E0137,ed0x80r,"[NAME]? He's an absolute fool. If we need a coach to destroy our organization from top to bottom, he's the man.",anger
E0138,edndmmt,Tell him he needs to go to rehab or he’ll be kicked out.,anger
E0139,eeynzom,Burn through ALL THE DATA,anger
E0140,eevd0ih,I CAN DOWNLOAD ADS BUT NOT THE THING ITSELF FFS,anger
E0141,ee3z9t9,>lox is optional How dare you put '[NAME]' in your flair! How dare you.. Mods! Mods! Apprehend this impostor!,anger
E0142,eeaml3l,"Translation: ""I have no argument so here's a rude comment"".",anger
E0143,eecaba4,"Hey, good to see ya here!",joy
E0144,eezfq6d,"CREEP FACTOR MIDNIGHT ""virgins gonna be scared""",fear
E0145,eeh9q4f,"More like 11 feet up, but still painful. ",sadness
E0146,eepvslq,"Enough already. I'm sorry that the breakup is going to be painful, but you can do much better. ",sadness
E0147,ed452gx,Your life must be miserable. That's sad somehow,sadness
E0148,ee9ycti,"I was quoting him. He wanted an ""outsider rich business type"", piss off",anger
E0149,edw5n6h,My toes hurt watching this,sadness
E0150,edikz0e,Mine once went 6 hours overdue. It was horrible. Big hugs to you. Drink all the wine you can find!,fear
E0151,eenmcjh,Maybe try to do some little thing you really used to enjoy. Even if it's just for 5 mins it's still a small victory.,joy
E0152,edlktcs,"""Oh, how DARE you discuss the disgustingly unhealthy and dangerous lifestyle I pursue!"" /s",anger
E0153,eek34md,I miss big daddy buff,sadness
E0154,ed0dwjr,> 333 Brothers and sisters are here now So much cringe.,fear
E0155,ef6dc0p,Yeah those glimpses of the person I fell in love with too but unfortunately the glimpses are not enough which hurts :/,sadness
E0156,edouv2b,NEXT TIME! ON THE CURSE OF OAK ISLAND!,fear
E0157,eec5d5r,"yikes, as someone who dislocates things often ([NAME]), this scares me!",fear
E0158,ed2jgez,"Lucky, when I did it my nickname ended up being [NAME]",joy
E0159,ef3khri,But don't you see it! How dare she show two inches of skin...,anger
E0160,edgi74i,I am clueless lately. None of my students parents speak English. It breaks my heart because I want to have more open communication.,sadness
E0161,ef7yd7v,I think you're right. She has oodles of cash and young grandchildren to enjoy. Going through that hideous gauntlet again probably isn't that appealing.,joy
E0162,edm92vo,Cant you tell how sad she is from her face?,sadness
E0163,edzrxw3,i am. This means i will move from MTN to VODACOM. and i only roam!! Wow,joy
E0164,ed1uck7,I usually see tweets like this for girls but it feels nice to have it directed at boys,joy
E0165,edked63,You and your lovable band of losers have already lost!,sadness
E0166,ee38god,"[NAME] IS SO HAPPY AND SO AM I!! Edit: [NAME] I see you, relax",joy
E0167,ee8akxq,"Sometimes I think it's like the movie *Shallow Hal*. You see the person for who they really are on the inside, and it's terrifying.",fear
E0168,ee6hy4i,"Someone made this album, dwights a bit lanky but I enjoyed it. ",joy
E0169,ef9e2m7,It's weird. You might be right to worry.,fear
E0170,eemgpyf,I'm 34 and disappointing my mother is still my greatest fear.,fear
E0171,ee7iess,This is extremely dangerous. And would completely marginalize anyone without a chip. Making it an absolute necessity for everyone to have a chip.,fear
E0172,effg9s5,"Weird, FBI did an investigation and proved that never happened. White knights make me cringe.",fear
E0173,eeqh2pt,"Sorry, spelling [NAME] Smearing* Motherfukers* ",anger
E0174,ed78e1j,Too late with having it back. I really did'nt have much back then. So I had a really hard time too.,sadness
E0175,edm2lzb,[NAME] man..... I hope this is just one of his overdramatic moments on the floor... He's scared me like 5 times this year....,fear
E0176,ee06l54,"Wow. AP should find that video and flag whoever did that...deep, scary issues at play",fear
E0177,eddeiv6,"yes, please do I'm worried about her D:",fear
E0178,ef18ng0,[NAME] is scared out there. Didnt want the ball,fear
E0179,eeijhkm,Kid looks like he's about to cry,sadness
E0180,eeepkgc,Well it was just an educated shot in the dark but glad to help 😊,joy
E0181,ed23i73,[NAME] combat is terrible and the only reason I don’t play it anymore,fear
E0182,eetp0e7,I'm mad at the process and happy with the results for Thrill tonight.,joy
E0183,ef2asqu,Worrying about [NAME] during a game is ridiculous. Especially when he's currently 6-11 from the field.,fear
E0184,efge7us,"The happiest of birthdays to you, [NAME]!",joy
E0185,ed9utbf,"This can’t be the end of the back, garbage TV! I’ll miss you!",sadness
E0186,eeh8kt7,I'd also report to the post office... and next time these nasty neighbors come-give them the number to call and complain.,anger
E0187,eexyvx1,"Yes,on top of that feel like vomitting,can't breathe and thinking I will faint.",fear
E0188,ef2hg0x,The faces in that drawing are kinda horrifying,fear
E0189,ee73q29,"I'm a firm climate change believer but jeez that was painful to read. Sorry, this is far from bestof",sadness
E0190,edoa370,That's pretty much what you signed up for when you had kids.,joy
E0191,edt99db,There is no way around it :(,sadness
E0192,eduopu4,I tip my invisible hat anytime I drive past this dealership. What an unfortunate surname.,sadness
E0193,eenazu8,"OK sweaty, have fun in ur collapsing Union while I'm restoring the Empire xoxx",joy
E0194,eeam0ll,"Shut up, don’t block the sanctimony train.",anger
E0195,effynvw,I wouldn’t expect anything less than those deplorable traitorous trumptards.,anger
E0196,ee5nn34,"I don’t know who [NAME] is and, at this point, I’m too afraid to ask.",fear
E0197,eeoo8cv,Don't do that i think its dangerous,fear
E0198,efebxrg,PUT THEIR BLINDFOLDS BACK ON!!!,anger
E0199,ed4gxf4,The kind you enjoy & can fully devote yourself to.,joy
E0200,eeelsm7,[NAME] freaking [NAME] all the people down range just staring. -_- GO INSIDE DUMBASSES.,anger
E0201,ef1v3gr,Almost downvoted you just because that made me so angry.,anger
E0202,ef48y50,"Oh I'm contributing mate, don't you worry. The sub clown has been made to look like a knob again! Enjoy your Sunday night x",joy
E0203,eei7x6y,I think: Congrats! That baby will now have loving parents,joy
E0204,ef7s1xh,Hooray for the cancer! /s,joy
E0205,edjykp7,"You're just lonely, dude. Don't mix that feeling with love.",sadness
E0206,edfekd8,The Homestead Crater is fun. I also like the Crystal Hot Springs!,joy
E0207,ed1dtvh,She would be devastated! Whatever you're going through won't last forever... this will pass!! Ask for help - find someone to talk to!,anger
E0208,efg8aum,It’s sad that some parents can’t accept some simple mistakes.,sadness
E0209,ef2p6rs,"Oh, the ""Thomas the nuclear bomb""? That scarred me.",fear
E0210,eehukh5,>he definitely doesn't value my pleasure this is very sad,sadness
E0211,eelphu9,"YEAAAAHH!!!!YEAAAAHHH!!!!...oh, here ya go, doom-di-doom...",anger
E0212,ee4lzmj,£20 per child?! That is ridiculous! You can’t buy much of anything for that! I am furious on your behalf!!,anger
E0213,ed9leg4,I am so very sorry that you are dealing with all of this,sadness
E0214,ef7pww4,"All the things you've been thinking about, fangirls, make me sad.",sadness
E0215,ed37gta,Just got back from Orlando to Chicago yesterday. I have a good feeling about this one!,joy
E0216,edgjiy4,I will not being awkward if I am being myself but I just scared,fear
E0217,edij11m,I'm glad none of you are GM,joy
E0218,eesnue8,Just throw them into a pool of needles. That'll teach them not to steal ever again.,anger
E0219,ee9ij1d,Aaaand everybody got diarrhea. Thanks dummy,sadness
E0220,edpr9ig,Feeling this so hard right now. Virtual hug.,joy
E0221,eeck3gr,I’m worried about [NAME] too,fear
E0222,eddg5o4,"Enjoyed pulling moves, if you can find it. Was a comedy very Belfast centric though. ",joy
E0223,edw4l47,Oh that’s so sad that she thinks anyone cares about her opinion,sadness
E0224,ee9aoi5,The orange man angers me and I do not like him.,anger
E0225,eesz0jv,"That’s too bad, I didn’t know that.",sadness
E0226,edvgao0,"I've said it before, but yuck, kissing that bloody mouth... Watch out, [NAME], you don't know where that's been.",anger
E0227,efe5mor,Glad your a Liberal supporter.,joy
E0228,eeshp05,Yeah it’s fine. Some supplements contain Ashwagandha which affects the gaba receptors so be cautious if you’re already on gabapentin or a beta blocker,fear
E0229,ed6q139,This stresses me out way too much.,sadness
E0230,edcthwi,Stotts raising Nurk's usage rate is making me a happy fan,joy
E0231,eegqyrq,I’m scared for y’all saying Undone.,fear
E0232,ed2jqz0,"dude,,, same i cried today because i couldn’t go to the gym bc my foot was too swollen to wear shoes lol",sadness
E0233,ef8ago4,Exactly right? That's when I thought she was really really horrible.,fear
E0234,efe6mrt,I'm a guy and it's the same for me! I'm glad I'm not the only one who feels this way. 😊,joy
E0235,eczweq4,At least I dont care about any of them.,anger
E0236,eedl0ig,It’s fine. Baby boomers are always angry,anger
E0237,ed3yhq4,Whaaaaaaat the heck was that?,anger
E0238,edy48i3,I am pleased to report that my 5 win streak was broken.,sadness
E0239,edthwsj,Only issue I have is that tiramisu is a beautifully layered cake and all of that is hidden by the container,anger
E0240,ee12cwg,Right!? I'm glad someone else noticed. I was horrified when she trespassed into a stranger's home. So violating!,fear
E0241,ef7yf27,You monster! Think of the children!,anger
E0242,ef042u7,"IMO, cheaters are only sorry they got caught, not because they betrayed their spouses and had an affair. ",anger
E0243,een1ghy,It is so refreshing to have [NAME] gone.,joy
E0244,edtd94z,I really felt for this mother. You could tell how frustrated and exasperated she was. Glad she was there to stand up for her kids.,sadness
E0245,ed19v8l,"Threaten to release....welp , nothing coming from this.",fear
E0246,ed71ec1,Get out of my head.,anger
E0247,ee64et6,I friggin choked scrolling up to this,fear
E0248,ednhzvx,I'm not crying... you're crying!,anger
E0249,eecczjl,My barber was thinning my Hair with a new blade and cut my ear. Bled like crazy.,anger
E0250,edmmpmc,Something would go terribly wrong for [NAME] causing him to have to leave. It’s how his ability works.,fear
E0251,ed1w4ql,same but with cats. Puppies are really high maintenance and make me angry when i have to take care of them.,anger
E0252,edr2fw0,I BELIEVE! I am sad that likely no one else will see it besides me...,sadness
E0253,edgcndf,I’m sorry friend. I actually used to be pretty good with this but I’m constantly getting worse.,sadness
E0254,ed51215,This is so sad. #playdespacito,sadness
E0255,efennol,Your coaching is terrible.... be ready and see how [NAME] uses [NAME],fear
E0256,edrndcp,"I was so scared, I thought the kid was going to backpedal into a street.",fear
E0257,ed8oypg,So happy for you both!,joy
E0258,eeiylfw,Well that’s sad. It might’ve been funny if it was fake.,sadness
E0259,efb5g8u,It’s definitely a massive problem for both of us. Attributing blame does nothing to solve the problem.,sadness
E0260,ee5mt3c,What a REPOST! STOP REPOSTING THINGS PEOPLE LITERALLY JUST POSTED.,anger
E0261,ed3b8ic,I would think I was in a horror movie and lock the doors. Lol,joy
E0262,ef61brr,Cheese Most of my friends love cheese so much that I’m scared to tell them that I can barely even bring myself to eat it,fear
E0263,ed7f9ws,I just don’t like him 😂,anger
E0264,edl5yy8,It's the hard R that'll get you in trouble.,fear
E0265,edg64zs,Super creepy. And leaving the note is out of line,fear
E0266,efew9l1,So many of Pokimane’s fans are creepy 30+ year olds. I feel so bad for her.,sadness
E0267,eengq64,"I'm at job that is effecting my mental health, and I'm not sure if I should be up front.",sadness
E0268,ed9kn4h,I discovered this show on the cnn docuseries about the nineties. What a terrible idea for a show 😂😂,fear
E0269,eeqwvjl,It’s not so much that I enjoy money and more that I do enjoy scamming people.,joy
E0270,ef3yna0,"It sounds like you’re the one who is afraid of the internet. Relax, bud. You’re on r/cringe ",fear
E0271,ee4qgi9,The third picture is creepy.,fear
E0272,eem7r6s,"You’re an animal, and you deserve all the shame/repercussions you get.",anger
E0273,ed8yli2,Cried when [NAME] and [NAME] gave each other a big hug and [NAME] lifted him off the ground.,sadness
E0274,edj7nrf,That's the reason I am terrified to wear contacts on duty. I'm afraid it'll get stuck between my contacts and eyes and destroy my pupils.,fear
E0275,ef2ksbb,oh! I have more ships this time! Niice!,joy
E0276,edgv1b8,[NAME] GIVES BARRIERS NOT SHIELDS. LUCIO BARRIERS GIVE ULTS. HAMMOND BARRIERS DONT GIVE,anger
E0277,eew5e2u,"Stay away from her kids, [NAME]!",anger
E0278,eeqsgrd,I mean you can want a break from something and still enjoy it.,joy
E0279,eefaanr,I'm leaving to go get some more motherfucking jokes MOM [NAME],anger
E0280,edzjzj3,Imagine ur mom doing that I’m crying,sadness
E0281,eeccbl3,I'm so glad you weren't physically hurt,joy
E0282,ednpq6p,I feel his pain. Bad dxm trips are the most terrifying thing in the moment but they're way more forgiving than bad psych trips,sadness
E0283,efarggc,"That just shows how similar people can be in this kind of situation, demanding, rude, and can sometimes damage stuff without care",anger
E0284,efh52ex,"What scares me is that now that this happened, they're going to try and find ways to take women's phones away from them.",fear
E0285,ee6emyi,[NAME] is a traitor to this country.,anger
E0286,ef1pg5d,"Well I'm glad the whole coffee vs beer exchange was the most accurate part of the episode. When it comes to accents, anyway...",joy
E0287,eeu7kvc,Both consenting adults so nope not creepy,fear
E0288,edl0xi8,I graduated in 2002 and had history books that ended with [NAME] 2nd term. I had great teachers but terrible materials.,fear
E0289,eda09a2,Hey man. A lot of people have criminals in their family. That doesn’t mean they are I think you need to take a step back,anger
E0290,edq9euc,I know and that made me sad!,sadness
E0291,edc0h4a,That's a really good one too. I am pretty upset to learn how limited my vocabulary is,sadness
E0292,effi049,I'm 21. I've entered adulthood and I even have to face negative comments from family members. Adulthood won't save me.,sadness
E0293,ee9a8s7,And sock puppets. Wow. Nothing out of you is in good faith.,joy
E0294,edu5jrd,Tell that to r/Polygrumps (very *VERY* NSFW) dude. They scare me more than this sub.,fear
E0295,edgzhmn,the older me would be scared shirtless knowing all the fireworks that exploded nearly in my hand as a kid,fear
E0296,eekbqug,"Ah, alt right thinking. Afraid of people who have anything 'upstairs,' or 'between their ears.'",fear
E0297,ed8kkru,I hope [NAME] does get a new devil trigger. I’m sorry but seeing the same one repeatedly has gotten old.,sadness
E0298,ed4o2hd,We knows mumps immunity wanes; is it possible for measles immunity to do the same thing? I'm kinda scared to try Googling it too.,fear
E0299,edkiy9c,This sub can be so ridiculously cynical. It's just a pretty picture of a sign!,anger
E0300,eem36a5,> so much misinformation > No hazing or violence tolerated whatsoever Lmao wut,anger
E0301,ef304jo,"Oh, sweet. It's the gaming guy who hasn't uploaded any gaming videos yet! /s (I like him and am just poking fun)",joy
E0302,efesin1,"It's crazy, the first day with icy, snowy roads it's scary but within a few days, grip and visibility sound like fantasy",fear
E0303,edmo7rb,"I feel terrible but I do this too, or watch obese people doing mukbangs",fear
E0304,ee07mgj,"Turn off your phone, computer or even the internet. It is scary to do but just for now when the urges hits.",fear
E0305,eex6nux,I am so sorry. My kids are the only thing keeping me going. The loneliness is agony.,sadness
E0306,efad15j,"Sometimes it even feels pathetic which I know I should be trying not to be so hard on myself but, yknow, evidence is hard to ignore",sadness
E0307,eedc9x3,>very creepy horror-themed Very accurate description and only from a few second piece of an audio recording,fear
E0308,efe58nu,Buying Bitcoin at it's peak is the equivalent of people buy Fyre festival tickets. I'm glad I did neither,joy
E0309,edwbe7i,"Ok. Progress. Not only I presented more facts, I also asked some questions. Still unanswered, sadly. ",sadness
E0310,ed7lzjo,"Congratulations, go for a beer and watch a Leaf game on Saturday! HNIC.",joy
E0311,eeday6o,[NAME] blows. Be happy she’s gone,joy
E0312,eew1xqr,"Don’t rush it .... it will eventually all fall into place, Enjoy today ",joy
E0313,ef58ywi,"Oh no, the gig is up. I'm really [NAME]. LOL",joy
E0314,edsh788,Man at this point I'd be happy with just a few non-sweeps.,joy
E0315,eelephe,It just never got weird enough..,fear
E0316,edw734o,Looks like the next level of a horror character,fear
E0317,eec2z6f,NOT THE [NAME] ALBUM LMAOOOO,anger
E0318,ed4od6x,thats terrifying. how can people do that to their own citizens?,fear
E0319,ef8dfow,HEY! NO OC IN r/ComedyCemetery,joy
E0320,eek0o44,"Uncle [NAME], you dirty old man.",anger
E0321,edt8r41,You realize everyone sees you REEEEEEing all over the place right? You can act nonchalant all you want but obviously youre one salty sea dog,anger
E0322,edzw2ef,Yeeesss...... let the anger flow through you...,anger
E0323,ed0vi9o,"They’re honestly a cult at this point. It’s not just sad, but incredibly scary.",fear
E0324,eed3z2f,I’m glad not too much time was put into this,joy
E0325,ed9e4f7,I'm kinda the opposite. I always look dour and sad even when I'm not...,sadness
E0326,edc32pi,Wanna trade lives? I'd gladly take normal height with hair and have the same experience.,joy
E0327,eex7622,He was afraid of flying,fear
E0328,eeg8r37,"Or maybe he does, and that’s why he scared of people thinking that; he’s afraid of people finding them out.",fear
E0329,ee61j1t,lol..You're not getting [NAME] or any of the young core..,joy
E0330,eczhfhm,they should just stop broadcasting road games,anger
E0331,edkinp6,Srs glad she's going to stop cancering herself,joy
E0332,eeqf2j8,"Pretty terrifying. Imagine if you went on a school trip, did nothing, and came home to this.",fear
E0333,ef8v00z,Glad your nights going well guys,joy
E0334,edwu9ej,"Not sensitive, just scared that a sub I enjoy will become divided and will have in-fighting.",joy
E0335,eer5vv4,From my point of view the freefolk are evil,anger
E0336,ed4hcsf,Oh true I remember seeing it on Spotify’s charts for weeks. It’s terrible.,fear
E0337,edylvqw,"Mate just go out and get yourself a steak dinner, you will enjoy it much more than Artifact.",joy
E0338,edyau0o,I'm happy for you and myself.,joy
E0339,ee644vj,"Some fragile egos seem very upset at the ad. womp, womp.",sadness
E0340,eeq0bok,"I'm glad I decided to watch this. Intense, entertaining football with an expert demonstration of how-not-to-use-VAR thrown in for free.",joy
E0341,eelgn6d,Sir that is a popular opinion. I'm too afraid of what sort of trade will happen to want one.,fear
E0342,ee2kbgz,I was so scared to click that. Yet I did.,fear
E0343,edq9wls,An angry old person yelling at a retail worker will never listen to reason.,anger
E0344,ed0k42m,"So, bloody stop feeding cattle, nothing even compares to the resource consumption (waste) of the animal industry.",anger
E0345,efdjewh,Imagine being scared of a black bear,fear
E0346,eemeq77,"This is the most scary [NAME] can ever be to me, cause it’s also the most real he could ever be 😂",fear
E0347,ef8w02e,cheers friend. same thing happened to me 2 days ago. hazzah!,joy
E0348,eeqokox,Still saddened by the fact that we never got to see prime [NAME] vs prime [NAME].,sadness
E0349,ed8q2c5,"The biggest argument on your side is depreciate costs. You could challenge their concern of ""getting fooled"" by getting the car inspected by an independent.",anger
E0350,eeh0npa,"Both [NAME] and [NAME] were broken up, so it wasnt cheating.",sadness
E0351,ee29q8z,Your comment is completely irrelevant and you're trolling me in order for you to cry and whine about Detroit. Get out of here.,anger
E0352,ef35eox,I’m afraid I just blue myself,fear
E0353,eczcf47,"It's probably more like when the only tool you have is a hammer, everything looks like a nail. I'm so sick of this paranoia.",sadness
E0354,efcwwcm,“How dare you use your breasts for their biological function instead of my enjoyment!”,anger
E0355,ee42yyb,"He doesn’t, he’s terrified, cries and hugs you. Basically one of the scariest scenes in TWD.",fear
E0356,eexr6ld,I'd argue they are advocating not fighting the fire in your house when the entire neighborhood is engulfed in flames.,anger
E0357,eeoh73g,People tremble in fear of the name Rupple Poopels 😂,fear
E0358,ee0wnfi,I haven't had class in three years and yet I've literally had this nightmare dozens of times.,fear
E0359,eegwzy1,"Not the right sub, I'm afraid.",fear
E0360,ee0wtok,No. Screw him. It IS a demanding job. Physically and emotionally draining. You deserve a hot meal and a friggin hour or two to decompress.,anger
E0361,ed5m6ii,"[NAME] no, these are horrid on anyone.",fear
E0362,edux4v5,"_Ooh, it looks like we just sold the last one earlier today_",joy
E0363,edfi86s,PEOPLE LIKE THING AGGRESSIVELY BE PROUD OF IGNORANCE,anger
E0364,ed82vnh,I'm too scared to start Black Mirror because it honestly seems like we might not be that far off from some of it.,fear
E0365,eda5gdm,After reading a lot of replies you should bee ashamed of yourself. This thread is a hive of bad puns and references.,anger
E0366,ed687vy,How dare the russian government expose the DNC and its corrupt behavior!!!!!,anger
E0367,ed7417y,"Even if you think me and him aren't soulmates, youve gotta be pretty sad to think soulmates don't exist. ",sadness
E0368,eev1ygb,"Each Dark Souls game has been voted ""Most Likely to Result in Controller Damage"".",anger
E0369,edh5sbx,I'm scared for her. The Saudi government has proven to be very brazen in its disrespect for international law.,fear
E0370,ef0abcc,"Im really sad, and there is alot more goin on but i dont know how to tell it.",sadness
E0371,ed80tsq,"Because you didn't realize MEPS was an acronym? Yeah, definitely taking anything you say to heart. Piss off depper. ",anger
E0372,edu2v9i,WOW I love this photo so much! Is this recent?,joy
E0373,eelpoik,What an immature response. With a little passive agressive racism to boot. Classy.,anger
E0374,eeu7ifa,SHE DESERVES TO BE TRULY HAPPY. LEAVE HER [NAME].,anger
E0375,eepey1y,Really bad trap if noone falls for it,anger
E0376,eejwst3,"I enjoyed hardcore mode much, much more than regular mode in BF4. More realistic",joy
E0377,eed2ew5,Being so gullible is the frightening part. durr da durr he downvote me,fear
E0378,ede1ek4,It's a photograph with one of our greatest ever defender and captain. What's your problem?,anger
E0379,ee4lp9e,This hit way too close to home. I’m suing for emotional damage.,sadness
E0380,ef9grtq,I never used the word mean. Chill. I said weak and it is. Its sad aswell.,sadness
E0381,efewbxf,You shut your mouth. shut it right now. *sobbing uncontrollably*,anger
E0382,efe2hew,Stop all the bullshit. Keep AB. Pick one.,anger
E0383,ef2ig28,I had to mute cause the sound was making me cry.,sadness
E0384,eepzhzp,"It’s all the anger, it ages her terribly ",anger
E0385,ef5n202,"I’M NOT ALLOWED TO EAT THE SKIN, DEE! I’M NOT ALLOWEDDDDD!",anger
E0386,eenar60,I really don't think healthy people with no other emotional issues regret having their kids.,sadness
E0387,eda0ay3,Glad she's not living in a bubble then....,joy
E0388,edcjydk,> and no one but angry community fanboys have pushed back against his statements.,anger
E0389,edel5ab,Man being unattractive in appearance has pretty much taken any joy out of my life,sadness
E0390,ed3lkc6,I feel this but I also sympathize with mentalcels because I’m mentally ill and it makes me feel even worse.,sadness
E0391,edirqeh,Ya done goofed kid. All you had to do was win.,anger
E0392,eewms2i,You will also be removed from a jury if you utter anything about it.,anger
E0393,eehoydp,"Once a week. It was a semi expensive seafood place, but it also had a poppin sports bar/happy hour vibe. An interesting place for sure ",joy
E0394,edijmbl,Stop believing everything you’re told.,anger
E0395,eekssyj,Glad to see [NAME] are finally admitting they are babies who are unable to take care of themselves.,joy
E0396,edpnd4h,Thats it I am out. This sub stinks.,anger
E0397,efdl0h3,I'm afraid I'm gonna have to go with what he said about an hour ago. Unicorns. He just ruled out any sort of,fear
E0398,eeislcl,Shock collars are horrible. They poor pup. 😫,fear
E0399,ef83wkk,Be adult Pay taxes to govt Be deemed incompetent by people with different views Feels bad,sadness
E0400,ed64v5b,"Man I'm sad, he was my favorite [NAME] when he left ([NAME] heir apparent) and I was ecstatic when he returned",sadness
E0401,ed41mf5,Y'all taking this way too seriously...the point is they're both fierce.,anger
E0402,edigwpt,"I would think terrible, awful things.",fear
E0403,edw4jsh,Honestly [NAME] is just enjoying his 350k and sits at home to play Fortnite ar this point. He’s done for,joy
E0404,eeqmnhz,No need to apologize. It definitely put things in perspective. I’m just glad your DD ended up ok.,joy
E0405,edlmkub,"Its actually ""[NAME]"" , not ""[NAME]"".. Sounds like a drunk to me. Glad to hear nothing horrible happened ",joy
E0406,eel7gna,My son and I both enjoy taking pictures. It gives us pleasure. Part of the fun for us on vacation is taking pictures of new things.,joy
E0407,ed9egjz,Go pursue that education. Let [NAME] wallow in her own sadness.,sadness
E0408,eesazi0,"I'm with you, pulju has been looking dangerous lately",fear
E0409,eeboq56,"Guys, even worse: He *paid* someone to set it up. Wow. ",anger
E0410,eeg0sgy,"Hey if any are left, I'd like to happily donate!",joy
E0411,eer260v,"I am so glad they didn't have this attendance in my day, skipping class would be impossible.",joy
E0412,edhgkjp,I'm sorry for you... That sounds not cool :'(,sadness
E0413,efeg7vi,"Yeah, sorry about that. I see it in so many post I thought it was almost a custom to do so.",sadness
E0414,ee1mxhu," I'm scared to even ask my mom ,I might get yelled at 😟",fear
E0415,eevxt4y,I feel bad for these guys. I'd like to be able to help ex-mos in trouble.,sadness
E0416,ee14jqj,it’s what i would have wanted if i was a parent so yeah i’m glad i did something,joy
E0417,eequu7t,"see im on here having fun meming on all yall basement dwellers, stay salty ",joy
E0418,ee6gugz,"It was pretty heart breaking, then the council came out and said they weren't going to collect them. Made a lot of people mad. ",sadness
E0419,eecwhbi,I haven't heard that name in SO LONG. They had this GBA game that was one of my favorite games of all time!,joy
E0420,eevk8g7,that day humanity received a grim reminder,fear
E0421,ee74z9s,Like who? The one guy stranded in desert already hating his life...,anger
E0422,ed28rjw,Try it sometime man. You may just enjoy it,joy
E0423,edbjbw0,I might be in trouble in this case. I have 7 years going on 8 :(,fear
E0424,eczgu3o,I'm so glad you're annoyed.,joy
E0425,edvdqpc,Ha me too. I’m afraid we’ve been called out,fear
E0426,ee1pydm,"But terrible people is my ""type""",fear
E0427,eegzb3v,I'm not surprised to read this within the sub it's in. Bunch of knuckle dragging storm troopers WOULD be angry to see people liberate themselves. XD,anger
E0428,edmiq2s,It makes being ugly even more pathetic. All that work just to create suffering.,anger
E0429,edt1qfy,Ok cheers. I’m banned from there,joy
E0430,edzr4bj,"indeed, but im worried that this matchup will end up as the biggest bait since years and rookie will crush him badly",fear
E0431,edqa5t2,Oh my gosh! That light house!! Its terrifying!!,fear
E0432,ee632bg,Self confidence I think and the fact that I’m scared if I do give all of myself to some that they won’t reciprocate.,fear
E0433,edq6shj,That movie really scared me when I was a kid.,fear
E0434,eduxjqv,The dryer sounds like a fire hazard to me.,fear
E0435,ednyk0x,"I was afraid things would if we kept seeing each other, which is why I brought this up to her now rather than later. ",fear
E0436,ed4kmp8,Fight me coward! I will never ne frego!,anger
E0437,ee3wnip,Worse. They told us to mind our own business,anger
E0438,edpwccu,"dude, thats grave danger for sure. thats terrifying. he was a predator for young men interested in sports cars. luring in for diabolic purposes!!",fear
E0439,ed1n0iq,[NAME] is getting very unhinged I almost feel bad for him at this point,sadness
E0440,edfbipt,My favourite goes back to one of the first battles ever on YouTube:,joy
E0441,ee3squj,">The Charisma Myth"" It's bullshit too.",anger
E0442,eenor4z,Wow so glad [NAME] is getting it done quicker. Better for later in tourney,joy
E0443,edzfvyj,I will take it a as serious question. Sorry. I am in Europe,sadness
E0444,effs1ed,A beautiful poem for a beautiful thing. Happy cake day btw!,joy
E0445,ed78wsj,I'm so happy this whole group of lines was poster. It made my day...,joy
E0446,edhy5jc,"I enjoyed it somewhat, but haven't felt like rewatching (or owning) it.",joy
E0447,ef77s5d,I'm so glad Mercy's have to actually try now.,joy
E0448,ef0w9ep,"Thats just dumb, u are stealing from people that just want to live a good life cuz other were unlucky, they were also unlucky by being born.",anger
E0449,eczowjx,No we're getting Kinsler and be happy with it,joy
E0450,edxffbd,I am so happy that sub exists,joy
E0451,een2x1g,She's a piece of work. I'm glad you're reporting your account issues.,joy
E0452,efgtbjs,"Yes, very sad but that's the reality of competitive online gaming right now",sadness
E0453,edq7zx4,This sounds like borderline mental health issues. Scary.,fear
E0454,eez6d7q,You people are awful. Those are *Haggisus Australis*. They're a protected species!,anger
E0455,eewan7f,In the worst of the anger phase I took up running. It’s hard to stay in that state while your legs are burning that much.,anger
E0456,eeayzd3,Baby mama was a comedy about this- but with a much happier ending,joy
E0457,eedwkv0,Bless you this post made me cry,sadness
E0458,eda186y,I'm glad you liked it :D,joy
E0459,eed5lv6,This has to be made as a satire of terrible memes . Like r/okbuddyretard material,fear
E0460,ee972co,I'll try that but I'm thinking about going outside when it is unbearable to sleep. Also I'm scared of cold making me more sleepy.,fear
E0461,ee9zdd8,Ouch! My hear sank. Don’t do this to me.,anger
E0462,eebwhv4,">more money than you I seriously, *seriously* doubt that. >doing something before this guys are outta the country Prove it.",anger
E0463,ee2aujj,"Funny, coming from the tool circle jerk reddit.",joy
E0464,eezjsmz,"It's been deleted, we can't even see what it was now (unfortunately). ",sadness
E0465,edummv2,"Aha! This is my fear, that the gloss over key elements because they want to target a wider audience!",fear
E0466,edqsfef,It infuriates me how many layers of tape these things have sometimes.,anger
E0467,eehlqtr,"Debunked as in proven wrong. Again, he is a well known fool. Do yourself a favor and never take anything he says remotely seriously. ",anger
E0468,ed2d2vo,"This was the one post that truly frightened me about the insane left. They are a cult, and not on our side.",fear
E0469,edeu38u,Just be glad you’re not his wife,joy
E0470,edfia5i,Not even polite if they're driving. The road rage here is terrifying.,fear
E0471,eea1zrk,After all that i expected it to not look terrible. Oh well.,fear
E0472,eezsnqv,"They were not really messing around, just more frustrated. They genuinely were trying to move specialists around to get the best out of people.",anger
E0473,ee548bv,I miss him on our pp,sadness
E0474,ef7pef7,Can [NAME] just shut up and appreciate her dog?,anger
E0475,edfr8bs,this off season is dark and full of terrors,fear
E0476,ef6ujox,Sorry to say OP but it seems his IQ is indeed higher than yours.,sadness
E0477,ednsdn5,"Say it louder! I'm sick of these leeches, too.",sadness
E0478,eeuhj7t,It's just sad; she was just nice and normal before she messed with her looks,sadness
E0479,efay907,Inkling main: I like being cheap. It makes me happy.,joy
E0480,ef0n9iu,This brings a smile to my face,joy
E0481,eeo6suo,My mom signed me up when I was 15. Wow that was a fun weekend. /s,joy
E0482,efgns5c,"I can see how you feel , THIS DID NOT TEACH A CHILD TO RESPECT ANIMALS and im ashamed and upset honeslty no horse deserved that.",anger
E0483,eeqiv6z,"You guys are heartless, smfh.",anger
E0484,efad3px,BP can bulwark counter A good number of deflects and even drop attacks We have more than that to worry about,fear
E0485,eczw5ul,It happened and I'm very happy,joy
E0486,edbcvkl,You have devoted yourself to this guy and he thinks you would be a bad mom. Fuuuuuuuck this guy. You deserve better.,anger
E0487,eezq851,BITCOIN SEND MONEY INSTANTLY (waits 6 months to get money and still praises site),anger
E0488,ed4unfk,That live snail got me freaked,fear
E0489,ed0hx3c,He has become that which he swore to destroy!,anger
E0490,edf702j,I’ve never cringed so hard,fear
E0491,eertfgi,You are one pathetic human being.,sadness
E0492,eeptlmm,"The third was fun with the [NAME] & [NAME] banter, but my vote still goes to S1 for being mostly faithful.",joy
E0493,ees0cj0,Going through the same thing and I feel the same way. Sadness. I hope it'll pass!,sadness
E0494,ef48xxo,"Would breaking her jaw and hands be out of line? She couldn’t call or text, what a shame. ",anger
E0495,eep9bqw,"I felt a great disturbance in the Force, as if millions of voices suddenly cried out in terror and were suddenly silenced.",fear
E0496,edghc8y,None at all. I dont like kids and dont want them. I got a vasectomy and it's a done deal. Zero regrets,anger
E0497,eej3kcn,That scene traumatized me the first time I watched it,fear
E0498,edp1yr9,Still waiting on [NAME] to tell me how GIFs are terrible and I can’t afford to watch anymore of them.,fear
E0499,eebti1e,"Grandmother got into an accident many years ago, and walked away with broken ribs.... it took her a couple years before she found out",sadness
E0500,effjyf5,Because learning another language is cultural appropriation. This people are pathetic.,sadness
E0501,ef4m7c3,"I'm not your buddy, friend. Btw, enjoy the rumble you nice dude. ",joy
E0502,eecn9ym,You fool you're using logic on a show that is clearly not bound by any,anger
E0503,ef8v7pm,I understand it but still can't ask questions. I am too afraid,fear
E0504,edi7fkr,"I'm very sorry for u, they should treat you like royalty not a fleshlight",sadness
E0505,eeihbvo,"Eh, loser. It’s sad how some people don’t care about their relatives.",sadness
E0506,eeauw3y,>the satisfaction of knowing how bent out of shape you're getting What a sad existence.,sadness
E0507,eczvdjk,"Keep spreading the word fellas. Wishing you all a great 2019, love you guys and the whole community.",joy
E0508,eepw0vr,I’m afraid it will eventually go that way.,fear
E0509,edzkxv5,This hurts me more than the fan meme.,sadness
E0510,edo9zd1,"Someone will actually spend their money on this too, that’s the sad part",sadness
E0511,eeiodnb,> ...he was afraid for his life... I see he has mastered the magic incantation.,fear
E0512,edhobzn,I'm glad he's still watching,joy
E0513,edr9ngo,I live an hour from one but was afraid of driving all the way there and them telling me that I have to order one.,fear
E0514,eesx8mg,It kind of blew my mind to see that after reading some of the most generic advices in that post. Who the f* upvote these posts?,anger
E0515,efem0xj,OH [NAME] THAT'S TERRIFYING SOMEBODY SAVE US ^/s,fear
E0516,ednw2t6,"It absolutely is. Sadly, most players seem to only want [NAME] with different aesthetics.",sadness
E0517,efepqdt,Shut yer mouth libtard and get yer MAGA on! /s,anger
E0518,edxlgqg,shut your deregulating lying mouth bill,anger
E0519,eeybwve,"That’s sad, although I’m aware they historically haven’t been weaned off of authoritarianism.",sadness
E0520,ee8wcnc,He's a hypocrite like everyone else in his family and party.,anger
E0521,ee7zchq,Now my mental image is narrowed down to a big imposing woman or a spidery woman that scares me just to be around.,fear
E0522,eec0rfi,Thank you. I thought I was going crazy for a sec.,joy
E0523,ed4a8si,The truly sad thing is she's getting burned to legitimize Russiagate. It's a shame she wasn't a legit whistleblower.,sadness
E0524,eeemsct,I’m about to have a heart attack tonight,fear
E0525,ef2xue2,The biggest cringe is actually all the people commenting she's a man,fear
E0526,ef37b0y,I'm happy to hear all that.,joy
E0527,edro4ig,I miss you [NAME] 😢😭,sadness
E0528,ef3yo19,First of all how DARE you plague this country with your USELESSNESS you degenerate smh,anger
E0529,eebgyri,This is my favorite wild memory,joy
E0530,eeoh84w,I see a 14 day old reddit account angry at liberals.,anger
E0531,ef9e9cx,If your dog is an arctic breed they will go crazy with joy and be sad that you don’t share in their happiness for the bitter cold.,joy
E0532,edmjwl7,"People will stop wanting to punch/jail these people when they stop being ignorant, selfish pricks putting newborn babies at risk.",anger
E0533,ed2q6np,We could cure child cancer and pictures like this would still make me happier,joy
E0534,edtq7ty,"For us to be able to do that now, they would proably make us pay for it. ",fear
E0535,edjnrah,Once upon a time I got banned for a whole day because of bad behavior... Oh wait that was all of us...,sadness
E0536,ef560j9,[NAME] has gotta he replaced or that was just terrible writing,fear
E0537,eea1pqn,Block him and stop replying to his comments. Not worth it.,anger
E0538,ee519um,You admit to discrimination based on your personal criteria. Say no more.,anger
E0539,edfncpq,"All fair enough, but you should start just cleaning your dishes straight after you use them. You'll be much happier.",joy
E0540,ef932d7,For the night is dark and full of terrors!,fear
E0541,eehtgt8,Why are you so angry?,anger
E0542,ef60d6q,Poor wee thing is probably terrified somewhere.,fear
E0543,ee0csyv,Much more badass than the union suit.,anger
E0544,edm6o2q,yeah see some of us come from youtube it's a horrible place never go there,fear
E0545,edwqqgy,Shrug. Cant blame anyone other than your parents.,anger
E0546,edc84ig,Gaaahhh. That one would hurt.,sadness
E0547,eehyi2n,"Haha, then i am in... :)",joy
E0548,efgxt4y,Woah... I'm shortsighted and I can get 2 pairs of glasses for €149. $500 is insane!,sadness
E0549,edfo2dx,"I'm so glad [NAME] finally got her visa, she's going to do awesome living in the USA!!!!",joy
E0550,eef1pan,It’s a smart move but also hurts the business and possibly false. It’s rude.,anger
E0551,edpcsxx,The worst thing they risk is having to become a worker.,anger
E0552,ee3uw6u,I'm afraid you have your terms mixed up -,fear
E0553,ed8htw0,Good news though. Yesterday the devs were running test server during the morning.,joy
E0554,ed1dsez,Where the f are you going to school that you are hearing such remarks semi regularly? That's horrible!,anger
E0555,eea5xiz,>The ABC’s hard-hitting investigation :/ Such a sad article.,sadness
E0556,ed9p80l,I miss SFist's Apartment Sadness column.,sadness
E0557,eenkagk,Kotaku never ceases to amaze me with the horrible decisions they make in posting stories that can ruin people's lives with no confirmation or validity.,fear
E0558,edcktsz,She is a horrible person and that is what makes her so relatable in real life.,fear
E0559,edmzl11,"I'm saying put up or shut up. If you can't back up your point with evidence, your opinion is worthless. ",anger
E0560,edfjjk2,I'm moving to the UK in 2 weeks. This terrifies me.,fear
E0561,ed9kq8q,Screw them. We do what we have to do to get our kids to eat.,anger
E0562,edmujf7,I once looked at the I-95 and was hospitalised for weeks.,sadness
E0563,edy17ec,The fact this isn't a [NAME] Attorney at Law Gif about this makes me kinda sad.,sadness
E0564,eehk3m6,Ayee it made it ! Enjoy,joy
E0565,eegysam,"[NAME] looks too creepy,but it's a very nice drawing.",fear
E0566,eeje9ca,What a weird and slightly creepy thing to come to mind as a reaction to this video. /s Edit: apparently indicating my sarcasm was necessary here.,fear
E0567,edrtnq6,Aye but happy cake day mate.,joy
E0568,ee3uwxj,I’m scared to fall asleep——-,fear
E0569,eepx06h,Those things still haunt my dreams to this day.,fear
E0570,ee71i9z,How many gallons do we need is my favorite so far. The sad part is that it was always pleasant.,sadness
E0571,ef0lrvq,You have no right to be there waiting to be nudged.,anger
E0572,eeblnfc,How dare you disparage a 3D printed JV riding a goddamn raptor,anger
E0573,edt2a5d,My inevitable famine is when I run out of pop tarts and get sad,sadness
E0574,eelj8zb,"THIS IS NOT DETROIT, MAN! THIS IS THE SUPERBOWL!",anger
E0575,edle4fr,"Also the reason for last year, playing him as a cb was necessary but proven to be a terrible position to be in.",fear
E0576,efb22py,I’m so sorry to hear that! 😂😂😂,sadness
E0577,eey8geb,Its like the worlds most infuriating reality show.,anger
E0578,eeyyqbp,"Kind of wish they recorded a video of the shard of glass moving through the heart, we would all pee a little in our pants.",fear
E0579,ed27ia1,I can’t tell who’s wooshing who but I’m afraid to ask by this point,fear
E0580,edcoull,Well I am happy you believe that.,joy
E0581,eea9xxx,This is a terrible idea,fear
E0582,eew5025,Don’t tell me what to do.,anger
E0583,eed6rhp,"Guys help I can’t stop playing it, my hands are in so much pain!",sadness
E0584,eeq951h,Will that's what that poor child was just taught. Some parents have no idea,sadness
E0585,ee283pj,Getting tougher to make those mortgage **and** car payments.,sadness
E0586,edtowbj,Conversion to make gay people straight. It's horrifying,fear
E0587,edehlwp,"""We should be happy that we moved from 4th to 5th""",joy
E0588,ef26hns,One of the 7 dwarfs is called happy,joy
E0589,ee4ej03,I could crush him like a bug right now.,anger
E0590,eez2bwd,What's even worse: the deciding voter refused to support the subway because he was strangely obsessed with a horse & buggy transit plan from 1858.,anger
E0591,edd20sn,YOU DON'T GET TO JUDGE ME!,anger
E0592,eeuaeph,I HAVE EYE PROBLEMS NOW IM REALLY YELLING,sadness
E0593,ednstdk,They are loving this choice in maga canada of course. Just a typical day of bigotry.,joy
E0594,eeonrvy,I miss rock fest 😔,sadness
E0595,edkic3y,"Didn’t know if you knew, so I was just trying to give context to your statement. Sorry. ",sadness
E0596,ef6ixct,"I figured this story would end with her screaming, ""I DON'T CARE WHO YOU ARE... THIS IS A CAR.. TAKE ME HOME!!!""",anger
E0597,eer79tn,Ireland because Ireland. Not me but i did something pretty scary.,fear
E0598,ee2j8oc,I like how they roll,joy
E0599,ef06qyx,And pizza. Don't forget pizza. The roof of my mouth feels like a battlefield after I have eaten a hot pizza.,joy
E0600,eexuxjy,No problem! Happy to help :),joy
E0601,eeltubg,"Ignore him, he is a spiteful little rat who is mad because someone did something good and it reminds him how pathetic he is.",anger
E0602,eeejygh,He’s a professional liar making promises to get elected when all he concerned with is a power gain.,anger
E0603,edgawvb,Me too! I got scared that I've been laundry inpaired my whole life and never even realized it!,fear
E0604,edavxco,Watching it deteriorate into a horrific dystopia. Healthcare costs. Dental. Low wages.,fear
E0605,eddq2w7,Ya got a good life... *ya got a good life...*,joy
E0606,ee5qb8x,"I think the saddest thing here is that he thinks ""by-my-self"" is how to write that.",sadness
E0607,eeb6kqv,Shut up [NAME] we’ve had enough of experts,anger
E0608,efax5oh,If men were that aggressive we’d be arrested and then slammed publicly and socially. Lives ruined for a moment of drunken stupor.,anger
E0609,eezicrw,I love how all these suspects greet [NAME] like an old friend.,joy
E0610,efcth35,Gratzy-Gratzy. You have a brought a great joy to this old Italian stereotype.,joy
E0611,edy9zqh,The Vikings....they make me the most angry.,anger
E0612,ed4bf6i,"Yeah that’s one of the things I’m most worried about, still hopeful!",fear
E0613,ed4bn65,I did not even realize he was injured...,sadness
E0614,eebckuq,"Enjoy a weekend of eating ice cream 100% guilt free. (That's standard practice for wisdom teeth still, right?)",joy
E0615,efblc1k,It always makes me super happy when I see stuff like this. Go live your best life girl!,joy
E0616,ee3zk80,"But, it entertains you.... in some way. Thats the point dude.",joy
E0617,ee162wi,"I actually feel bad for your roommate, poor guy.",sadness
E0618,eefdghv,"Me too! And he was so happy to get that out of her back, he seems like he really cares.",joy
E0619,ee292if,I still think he should have been the first goalie in the 2014 World Cup. But alas that injury ruined everything.,sadness
E0620,eer4lgp,Ah yes three of my ~~best friends~~ worst enemies,anger
E0621,efbi85i,$100 says your boyfriend is miserable.,sadness
E0622,eer09d0,"[NAME] are the liars, we know.",anger
E0623,eew4z75,My entire body aches now,sadness
E0624,eex5ls8,Not a single one of these allegations are of Russian collusion. It's more perjury trap nonsense.,anger
E0625,ef78vt9,"THE IMAGE ASKS ""WOULD YOU VIOLENCE THIS BABY IF BABY WORE HAT"" THE ANSWER IS ""NEH""",anger
E0626,eeqhq7z,I think someone else should open a drive through so I can enjoy the flavours without the dishes aha,joy
E0627,ed655ls,[NAME] IS SO OLD HIS FAVORITE ROUTES ARE TO THE CVS AND CRACKER BARREL.,anger
E0628,eeaomy7,Some people have no shame or sense of self-worth. It’s sad.,sadness
E0629,ee1lrsd,"I went through that phase, I was quite depressed. ",sadness
E0630,ed7t9tt,I’m fine with that. I’m happy to be banned from subs like that.,joy
E0631,ee6ewou,"Sadly, he seems immune to bans. He also dodges them with alts like [NAME]",sadness
E0632,efg90px,"I've been trying to as well, but the game is so scary :/",fear
E0633,ediy299,I’d be afraid to get high after that yo,fear
E0634,eeosyfr,I’m really glad to read that ex-spouses are friends after. Good for you all!,joy
E0635,ees7vpo,"""Help! It's an educated brown woman! Help meeeeee!""",sadness
E0636,ee0nj6c,Get in touch with a lawyer. No one in Reddit can answer this. Throwing her out really would be better.,anger
E0637,ef882m1,Of course. Just know that I know that you know you're a liar.,anger
E0638,effsrc0,"He was cut yesterday, unfortunately",sadness
E0639,edqb2x4,I had a similar fear last month after exceeding the two hours in a Homebase car park.,fear
E0640,edtq4w8,"I know you can’t read this, but I feel really bad and hope you learn to read soon ",sadness
E0641,edbxmi2,"This was posted at the exact same time as another guy posted it on here, and that scares me.",fear
E0642,eczg08p,And it’s not like he was a bad coach. We’ve been spoiled from all our great seasons.,anger
E0643,edsmsf7,All the people who got on at canning bridge station this morning and kept pushing and shoving each other like animals.,anger
E0644,eda9c68,"You are grieving a hard loss, and might benefit from some grief therapy.",sadness
E0645,ef6c4f3,"It's a Falling In Reverse song, which makes it even more terrifying",fear
E0646,edn8muk,scared for sure... scared of how much money we're gonna have to pay him it's gonna be all the moneys,fear
E0647,ee0z5jb,"Ooooof, that’s annoying. I’m sorry.",sadness
E0648,edoe247,I'm sorry that happened. Was her hospice nurse aware that she was suffering?,sadness
E0649,ef9n5pn,I switched to Ally and love it. 2.2% interest is awesome,joy
E0650,edmd9tg,I’ve been hurt too many times for it all to have been for nothing,sadness
E0651,eedieuf,You sure its not just the host quitting which disconnects everybody? Happens all the time and its incredibly frustrating.,anger
E0652,ed1nqpr,"P3 hit me so hard in the feels that every time I hear a song from it or watch anything P3 related, I just burst into tears.",sadness
E0653,eeh1oy6,"I'm kind of struggling tonight. Bored, lonely... man ",sadness
E0654,efg9cqg,Glad to hear it :) definitely more on the way!,joy
E0655,ee2kt28,"I'm so sad for you, I'm so so sorry. 💔",sadness
E0656,eekng66,"Yea feel sad for that kid, that native guy is an anti [NAME] activist who destroyed his life ",sadness
E0657,ed1259o,"She’s just not that into you, that’s what I think. You need to find an HL girlfriend and go have fun. ",joy
E0658,edyhq77,That's perfectly fine. I'm sorry if I offended you in any way. Have a nice day.,sadness
E0659,edv2a1w,Shh don't spoil it for us,anger
E0660,eeej0jc,can I use I can't believe it's not butter because my boyfie doesn't make over 20k :(,sadness
E0661,eer2zmm,I was raised solo parent so it was more of an angry hushed whisper when they thought I was in the other room.,anger
E0662,ed6a7v3,">For those of us who stay, there may be more unhappiness than happiness. Probably the saddest thing I ever heard. ",sadness
E0663,ed0xoff,I'm so sorry that [NAME] has convinced you that his insane aggression isn't important.,sadness
E0664,edjgny1,She was carrying all my burdens >:((,sadness
E0665,edttxtt,BEHOLD THE GREAT GRAIN [NAME] BECKONS US TO ITS CHAMBER! FOLLOW ME MY FELLOW BIRDS INTO THE ABYSS!,anger
E0666,edgb2nm,Ahhh more and more selfish,anger
E0667,ee9t8ms,Hmm I thought I was playing the game for fun and excitement and unlocking skins was just an added bonus,joy
E0668,ee2dv22,Yeah but FGM is basically like cutting off the head of the penis entirely. I'm uncut myself but I get why people do it,anger
E0669,eem6tal,"Philanthropy really scares some people, doesn't it? People did this to [NAME] too. ",fear
E0670,eefg325,Honestly scared to see what happens,fear
E0671,eegz6qt,Me thinks this crosses the line of dignity. Makes me sad. It’s one thing to expose things but another to mock it.,sadness
E0672,ef4r56x,Luckiest I’ve been is getting the toy I actually wanted from a McDonald’s happy meal.,joy
E0673,ed0i62x,Pretty sure I’ve seen this. He swings away with the harness he is wearing. Still looks painful but I think he lives,sadness
E0674,effy4oe,I am so blessed to be a lesbian.,joy
E0675,edh3tlw,You're pointing at me You pointed first I'm signaling that's not pointing Stop pointing at me!,anger
E0676,eex5olh,People deleting and stop caring IS THE REASON why artifact is under 2k players.,anger
E0677,edpuxq0,You get closure by blocking her on your phone and all social media. She dumped you. It's over.,anger
E0678,eedvemo,Must be a terrible swim team. The only thing that your neck beard does is accentuates your double chin.,fear
E0679,eedm1o5,I’m sorry. Your city blows.,sadness
E0680,eesyrax,"And also, turning someone's hands into spaghetti is cruel and inhumane and not a reasonable punishment for theft.",anger
E0681,efgf10r,Marlboro picked up [NAME] and are phasing out the njoys.,joy
E0682,ed6spxq,Seeing him RT rev gave me some hope which hurts worse,sadness
E0683,eebxzsr,the tears of unfathomable sadness ... mmm yummy!,sadness
E0684,ef7i0xz,"Serious question, where was this? That looks like my ex in the green top.",anger
E0685,ef7flmi,"I can feel that already, I'm already getting pain at time with it, but I can only imagine the pain after for healing.",sadness
E0686,eep740e,"This is very [serious], how dare you guys mock this [serious] science?!",anger
E0687,eeoas5w,"Yah, totally. It's just kind of scary when all you hear are loud extremes on both sides. ",fear
E0688,eepka5p,Somebody reverse this please I would be so happy.,joy
E0689,ee8d1if,"In that case, I’m appalled. ",fear
E0690,edhmved,That ice is dangerously thin for such a hot take.,fear
E0691,efcqto6,"Downtown is inconvenient, look like you've gone full county, enjoy your strip mall ",joy
E0692,eelmd52,"Just remember we’re all silly looking, gangly monkey things living on a rock floating through nothing, all trying to be cool. Have fun",joy
E0693,eef56i6,When [NAME] like “should we have an alien baby” and [NAME] looked SO happy 😂💛,joy
E0694,eeynw0r,"Me, for example. I am very very happy.",joy
E0695,ef1u2j7,Why is this getting downvoted. I love Meepo so much. :(,sadness
E0696,edtokt7,"Oh, those dreadful things. I gave those away.",fear
E0697,edbs9ek,I’m happy he made it and not [NAME],joy
E0698,efd7a27,Scary times we live in.,fear
E0699,eeubpbz,"My darling, have you bowed down to worship the ancient one yet? We are very worried. ",fear
E0700,eezrvz8,Because the false accusation makes my anxiety worse,anger
E0701,eedojrs,Tell him congrats. And that he srsly needs to work on his bunting; it's just painful to watch.,sadness
E0702,ee5hni5,>Playing competitive MTG has brought me as much joy as my children. Yeah this conversation is over,joy
E0703,eeok2p5,ooh man I miss OutKast. brings me back to my childhood,sadness
E0704,ee55fem,"Give him 8/240, ship [NAME] and [NAME] to the Padres in a three-team deal for [NAME]. Boom. I solved the offseason. You're welcome.",joy
E0705,ee5xpc8,I'm sorry man sounds bad,sadness
E0706,edf5s8g,This looks like don't hug me I'm scared,fear
E0707,ee0jwk1,This is infuriating but what’s also infuriating is missing all of our chances and players being constantly in offsides positions,anger
E0708,ef0udpd,"The last book feels like a dream. It's ridiculously bad, imo ",anger
E0709,edeaytu,"I’m a crybaby now, but I’m so happy to see happiness",joy
E0710,edidq6f,So Green Bay doesn't get him... I'd be sad for the kid.,sadness
E0711,ed9kf0i,Don’t forget sports gambling. THEN we’ll be happy.,joy
E0712,ee22jbr,Ditto this. Happy hour after work is nice and low-commitment.,joy
E0713,edur2ks,"Don’t worry, he’s more afraid of you than you are of him. Just act tough, it’ll work...maybe...",fear
E0714,edyqys1,or a horrible night of 15/4/4,fear
E0715,efhaitr,oh [NAME] I unleashed the beast,fear
E0716,ed3ty28,Every point you make is proven wrong lol. Just stop.,anger
E0717,ef73140,Yet here you are mad about [NAME] being apathetic.,anger
E0718,ed9ifvl,I kiss the shade all dude. His username was trewdat. I miss that guy.,sadness
E0719,efelkwu,"While [NAME] lighter take on [NAME] in Justice League was questionable, I enjoyed him in BvS. Excited to see who takes on the cowl next.",joy
E0720,ed4jdrq,"I am serious, and don't call me [NAME].",anger
E0721,eduqpn7,"I can't pluck it, hurts too much. So every few days I shave a strand of hair on my chin.",sadness
E0722,eeuegqi,"Say thos: mom, dad, she's busted. Respect my wishes!",anger
E0723,eeesars,"I don't know what they say about fools and their money, but I'll gladly pay you to find out ",joy
E0724,edqs4tt,"I mean this in the least creepy way possible, tell me how it works out NO DETAILS PLEASE GOD NO",fear
E0725,eepmbs2,When I drove refers I was always afraid this would happen to me. I always shut my doors I'm just a worrier,fear
E0726,eex2gov,Probably. Government contracts are already terrible as they rarely pay on time,fear
E0727,edwjhwz,Ive seen that move no less than 5 times and I still get irrationally angry at the Harvard rich kid,anger
E0728,edfvsoe,Let’s get greedy and take back what is rightfully ours,anger
E0729,edye4g8,"Made me so angry to read that, I almost downvoted your comment. Upvoted, for sure. Grr! ",anger
E0730,ef815wr,Ahhh [NAME] its in my eye.,fear
E0731,ed9yzwk,When I was her age I had 3 jobs... oh you have like 18... get off my lawn!,anger
E0732,eeuckpj,Yeah it’s the opponents club that should be scared of us! We are REAL MADRID!,fear
E0733,edw419k,"we have a ""righty"" complaining about ""lefties"" making up BS, while they make up BS... sad.",sadness
E0734,eeqmumy,"It depresses me that the Carousel revamp has been a popular answer. Thats not a change, that a sliding scale adjustment.",sadness
E0735,eelv7yt,I am sorry but you have to accept your reality. Thare ain’t nobody here who can help you on this problem. Just call 병무청 ASAP,sadness
E0736,eem26mm,I high key thought this same thing then it was sad boy hours when I broke things up,sadness
E0737,eezb2uh,Shows you that one must never underestimate the rust caused by ACL injuries,sadness
E0738,eeh27pz,It is so crazy to me that people unironcally use “kicks their trash”. I guess they just don’t want to swear.,anger
E0739,edyiy2z,Half right I am 15 but I’m not a goth and just enjoy the taste of human mostly blood but flesh is almost as good,joy
E0740,ee6telb,"I'm sorry you had a bad experience, that's horrible. But that number saved one of my friends lives. Different for everyone",fear
E0741,edar45c,He most likely saw you and just didn’t care. Sadly.,sadness
E0742,ed8guyw,"I've had such bad memories, I remember when I remember bad times now! Haha",sadness
E0743,efbqlzj,NICE... TO.... MEET YOU... OW!,joy
E0744,ef0148w,"It's sad, but yes, zero. ",sadness
E0745,eemt486,"Watch your back u/Youareapooptard, [NAME] might hunt you down and burn you alive for that relatively minor insult",anger
E0746,ee8129v,YUP. I’ve been healthier since the new year FINALLY smh,joy
E0747,ed7nnzw,you should have asked this question 15 years ago sadly :(,sadness
E0748,edgr9zl,I have trouble even remembering what true happiness feels like,sadness
E0749,ed19vt3,Especially hard last night looking at Snapchat stories.,sadness
E0750,edkrtm7,"Gave ya an upvote but sadly, by reading this thread its not going to help",sadness
E0751,ef27v46,What’s the reference matter if it’s still insulting? Glad your degree is coming in handy for something.,joy
E0752,eev7aa3,He is holding you hostage. Sad state of affairs.,sadness
E0753,edszd1h,"Im color blind, i usually see blue as purple and red as green soo...",sadness
E0754,ef1xiyl,I'm scared to do these cuz the S.A.G.E. told me I was a transvestite,fear
E0755,ede7o2k,[NAME] dude I’m sorry. That’s their problem now. Bump some [NAME] and keep moving forward.,sadness
E0756,ef2ugh2,I feel like I'm in a yoghurt advertisement announcing how my digestive system is all rejuvenated. Its that wholesome.,joy
E0757,edbr0a7,How scary! She loves you! I hope you are ok.,fear
E0758,eecuzmf,It's so focused on the presenter and he is so unengaging it's painful.,sadness
E0759,edttpk1,Looks like they did it to scare everyone else on the road as a dominance game.,fear
E0760,eenuouw,I joined the casuals on the couch and curled up in horror while watching this,fear
E0761,eeyjd7m,"Agreed, rarely get mad at ones like hun or darl. Being called boy by an old man however is infuriating.",anger
E0762,edcezxe,The real tips are always in the comments :D,joy
E0763,ef6ca0m,Those are female toes. Busted!,anger
E0764,eeewh5f,You die > mom will be sad,sadness
E0765,edzsccr,I'm glad the republican won cause I want the best high I have had 5 back surgeries and need another.,joy
E0766,edo80g5,"I rate [NAME] highly, so this is good news.",joy
E0767,eewv2x1,Can't help but feel that going down 3-0 is nerves and fear of playing someone with [NAME] mythology. AO to [NAME] is like RG to [NAME],fear
E0768,ed4jmhk,"[NAME], my eyes are hurting from how furiously they're rolling in my sockets right now.",sadness
E0769,eff9bok,"Hey its you again. Dude can you please say ""N"" so I can complete the task? My last request went unanswered sadly.",sadness
E0770,ed3emde,How dare you disrespect [NAME].,anger
E0771,edv1px0,It's not cool that so many are going without pay and unable to make rent or buy groceries. Is a travesty that a manufactured crisis has come to this,sadness
E0772,ee3srsc,1 is spot on. Anxiety completely disappears. I like when that happens. One less issue,joy
E0773,eeisbjq,It scares me that left to right is also possible for anyone,fear
E0774,edrfq9x,I also love this decline in bch prices. Cheers.,joy
E0775,eexi30m,I'm scared because we don't really have any isolation scorers right now.,fear
E0776,eefr4mw,The guy that waived a future hall of famer. Hard to get away from that decision.,sadness
E0777,eds0hn4,I’m glad I’m not the only one who thought that.,joy
E0778,ee0oy6v,That was a fluid motion and it scared me,fear
E0779,eebh6zy,what are you scared of!,fear
E0780,ed6knys,I guess I am totally alone but I am really enjoying the audiobook and haven’t had a single complaint. I’m half way through now,joy
E0781,eef2ttu,Glad to see you guys are treating him well,joy
E0782,edfd28g,Shared misery *always* makes me feel better :D,joy
E0783,effkutp,>it is fleshy I am horrified to learn that my flesh is fleshy,fear
E0784,eczocof,"Definitely accurate, lasted about a month total in a Disney “internship” program... was more like slavery. Terrible experience that ruined Disney for me",fear
E0785,ede79xe,What’s the clip from? I’m scared to put “teen boy good kisser 900 number” into YouTube,fear
E0786,ef7v62o,I've removed your post for witch hunting. Please be mindful of that in the future.,anger
E0787,efer6hq,I’m that skinny and have so much trouble gaining weight,sadness
E0788,ed3hald,Huh. Siege is still a thing. I miss the old days. :(,sadness
E0789,eeqqzo1,I’m as terrified of Mr. [NAME] just as much as any sane person but I don’t think we should *burn* him...,fear
E0790,edheeuh,Oh my god Del Monico. Horrific. Even the ambient smell in the hallways makes me gag.,fear
E0791,ef535zc,"I'm not sure these guys are wingers, but other than that, I'm very happy so far",joy
E0792,ed71nkp,"So happy to see [NAME] regaining his form... we had to sacrifice [NAME] for it, but i’m okay with that...",joy
E0793,eegpy8e,World has Turned and Left Me Here.,sadness
E0794,eeshbvv,Devastating to hear of any news like this :(,sadness
E0795,ee6iolx,I won't stop crying 😭,sadness
E0796,ee6u6q8,"I like flirting so this is what I enjoy doing, plus ordinary flirting is outcome independent. Direct approach is outcome dependent. Either way it's all part of the fun!",joy
E0797,eeuga53,Looks like you got it bad. How soon till you can get out on your own?,sadness
E0798,edlp1tx,"Due to work, gotta stay legal. Edibles aren’t legal yet sadly. Fortunately not taking it for cancer though, just pain.",sadness
E0799,edz3h0r,And she would would enjoy wearing,joy
E0800,eelrais,When my [NAME] is crying...,sadness
E0801,ed4x1ys,Seeing this makes me happy. I hope this is true :),joy
E0802,efco2kv,And there I was blaming the poor black lads,sadness
E0803,ee3j0cr,Oh boy you’re in for a treat. Make sure you visit Austin if you move,joy
E0804,eesfava,I should have known what awaits behind the oilymama hashtag and yet I searched. Now I’m sad.,sadness
E0805,eeomm4p,Fuuuuck. I am so angry that this can even happen.,anger
E0806,ed25syi,BUT I STILL HAD ALL THEEEEEESE,anger
E0807,eczmpez,This makes me happy. Happy new year everyone,joy
E0808,eejhhme,It's shameful that he has to preface this post with his bias. Couldn't just leave well enough alone.,anger
E0809,eer9elt,And they lived happily ever after.,joy
E0810,edoldl7,"You're making me look bad [NAME], while she yells and screams.",anger
E0811,ed1bkeu,Three years ago I did! Ended up hospitalized for 5 days. I can say that I'm in a much better place now. :),joy
E0812,effnplm,Agreed. Everything she did was bad. She didn't anything good at all. Edit: Grammar.,anger
E0813,eej9uky,The fact that the passenger gives a thumbs up drives me crazy,joy
E0814,ef8ilhi,Everyone is sad on this sub dont take it personally if you don't get any replies.,sadness
E0815,eepmyc4,Guilty :( I was ready to cry and everything >:(,sadness
E0816,eei097w,I feel your pain 😪 i got scammed $1400 in November. I felt like a dumbass for falling for it too.,sadness
E0817,eesotyo,"Did you hear about that old Italian chef? Sadly, he pasta way.",sadness
E0818,edgfumz,I got $10 on Anzac Day as the guy won money and 2 x $5 tips that’s all.,joy
E0819,ee175xa,OH [NAME] I CAN'T TELL ANYMORE!,anger
E0820,efdut9u,Same here. My refund almost doubled from last year. I almost cried when I saw how much I'm getting back.,joy
E0821,eetd4bn,That goddamn wink slayed me. Swoon so hard...,anger
E0822,edf75sp,Lmfao. Tax refunds. Must be nice to get one of those.,joy
E0823,ee9fxeq,I get through a pack of tennis biscuits a week at work. Coconut bliss,joy
E0824,edb9lqo,TBH she kind of brought it on herself. I'm glad the GM came to his senses.,joy
E0825,ed4piuy,What is with the pet worship? Should be more worried about your elderly relatives.,fear
E0826,eddhyz4,Ahh you must be speaking of M & W Industries! I know it well I'll never forget the smell of pickles.,joy
E0827,ed8m8b5,True Story! That's the sad Part of it...,sadness
E0828,ef8ewsw,"Ha, my husband goes out after you guys have done your thing and checks for himself, he's been burned too many times.",anger
E0829,ed2deff,"[NAME] i love this ""no one can be THIS happy, what a horrible person he must be""",fear
E0830,ed8ycrc,Going to get hard for everyone after brexit,sadness
E0831,eelanyf,Thought i was already there with the terrible title.,fear
E0832,eecx7xi,And the sad part is this goes on for decades and decades grrrrrrr,sadness
E0833,eet6c20,"[NAME] is so rational, I’d just cry really hard if my parents spent all my college money 💰 ",sadness
E0834,eda965w,Stop saying generic hating sentences!,anger
E0835,ee6gib3,This just makes me angry.,anger
E0836,eda9fdu,"Watching Revenge sometimes makes me cry, thinking back to when I tried to memorize that song, and listened to it over and over.",sadness
E0837,edu7xeo,I’m so happy for them. I hope he drowns in a puddle of bacon grease.,joy
E0838,edwk47h,Or perhaps we should look at the bigger problem: mental healthcare in the United States.,sadness
E0839,ed9w48i,Same here! Although I just try to be happy whenever I am with my child.,joy
E0840,efgog45,It's always nice to tell someone a pleasant story before they go to sleep.,joy
E0841,efetq95,[NAME] Wednesday’s 😎 Good to know he’s enjoying the retirement life. ,joy
E0842,edvbdsh,Correct. I just enjoy debating them.,joy
E0843,edwr6ib,Ngl the entire first order feels like a joke...,joy
E0844,eed76rs,"""Sigh"" I thought you were better than this I thought we were over this but no you just had to do it ""Upvotes angrily""",anger
E0845,eefjbik,And that's an issue. Councils are *so* unrepresentative it hurts.,sadness
E0846,edtsz8r,I mean I’m playing a card game and enjoying the cheap cards,joy
E0847,ed2lel3,Glad you're at least out of bed. Progress!,joy
E0848,eebmioe,I’m dreading when it happens during our games for the title,fear
E0849,ef4m9fj,*Hey just noticed..* it's your **2nd Cakeday** slumbishop! ^(hug),joy
E0850,ef78yln,"People are gonna end up hating Deus Ex because of this, and that's just a travesty",anger
E0851,ef3zbig,How dare they ask me to be a good person! I'll show em!,anger
E0852,edbtfms,"Trust me, if its a person you have feelings for and she/ he just wants your body, thats really painful.",sadness
E0853,ed2d9ic,What a pathetic reply. I know we’re all supposed to be nice here but c’mon.,sadness
E0854,eeggtyp,"DWIGHT, NEVER YELL AT THE CUSTOMERS",anger
E0855,eczd40x,"You're a freak, you dirty dog you.",anger
E0856,ee5f93j,"They didn't actually run any tests to confirm it was even bone, let alone human.",anger
E0857,efa770d,Spent time with them. Argue with them. Laugh with them. Cry with them. We all get lonely when we are old.,sadness
E0858,efh7whe,"No, stop! He'll stop cranking the job machine if you insult him again!",anger
E0859,eea3nco,Reminds me of [NAME] from the documentary THIN who purged food through a feeding tube in her stomach. This sounds dangerous.,fear
E0860,eeo5z0j,That was painful to read.,sadness
E0861,ed37yew,The original Halloween movie is still the scariest film I have ever seen. Being chased by [NAME] in this game is terrifying.,fear
E0862,eegvp8x,He said this awhile ago. His splits away from coors scares me.,fear
E0863,ee5xax9,"Please no, I have a family!!!",fear
E0864,eea7xxs,It's cool and fun and a nice change of pace but I want my hidden blades back next game.,joy
E0865,ed22gpz,Wait for real? That's how they met? lol that's both terrifying and completely fitting considering how nuts they both are,fear
E0866,edgurso,Yup if you’re ahead and just want to spam actives I enjoy it with an upgraded cursed ankh to really hurt healing based teams,joy
E0867,edl08dh,"Yeah, I’m at the dh store. so it’s far but not that far. People really are horrible. ",fear
E0868,ed8vsxg,"Shut up, or you'll be tossed off the roof!",anger
E0869,ef5zxbh,Come back here and fight me m8,anger
E0870,eeviv79,I’m to scared to tell them :(,fear
E0871,edve6xh,"Now if you can teach her english, the real fun starts. ",joy
E0872,edr5llp,I wish I could tell you if it was a good t.v. Let me just find the MOTHERFUCKING REMOTE!!!!!!!!,anger
E0873,ef6lotc,Did that with an oven pizza at 3am in my underwear. Got burns all over my stomach,sadness
E0874,ee5ww5r,Happy cakeday your username is fun,joy
E0875,ee6n1br,"Doordash pays less than minimum wage, no money even to buy cheesecake from the cheesecake factory after paying rent and Bills 😥",sadness
E0876,eer8acz,That sounds so terrible. I'm very sorry.,sadness
E0877,eekmcmf,I want to clarify that I am NOT scared. I punched the mirror because it looked at me wrong.,anger
E0878,edq92b2,“I am going to be going through a nasty divorce in a few years so I will need the money.” - [NAME],sadness
E0879,edteu6d,I’m tryin to make the community better and bring this to peoples attention he’s a filthy cheater,anger
E0880,eezeps2,"Go your own way, loser. ",anger
E0881,ef3oogi,Your using emotionl blackmail. Does the vet save cancer or destroy cancer? [NAME] = Vet. Your using babies and all sorts of things to manipulate. Vets only do the right thing.,anger
E0882,eesqx53,The word nourish makes me cringe now tbh,fear
E0883,efgu64p,"I have seen this gif like once a week for a year, and I still cringe every time. ",fear
E0884,eexaihb,"*youve doomed us all, evacuate the continent immediately*",anger
E0885,efhck2d,"They usually do hoss, hence the steak and beer hard to be sad with good food. ",sadness
E0886,edmqmsn,You can't demand historical accuracy 'at all' then. It's logical fallacy.,anger
E0887,edntna3,Yeah its too bad that there was someone at a university who wanted to research this and he got shut down.,sadness
E0888,eeo7498,GIVE ME OTHER PEOPLES MONEY!!!!!,anger
E0889,ed5429y,If you really think a horror movie needs jump scares then I feel bad for you son.,sadness
E0890,eei2g6l,This grammar is horrible. Discovering something is a fixed single point in history which should have been simple past “was” instead of “had been.”,fear
E0891,eczyecf,This meme describes how I feel about 2018 pretty accurately. Cheers to a golden 2019!,joy
E0892,ef2dfcp,I had a feeling...crazy what that guy can do to his body.,joy
E0893,edgxmzh,"I, for one, am glad you didn’t. Happy you’re still with us ",joy
E0894,eekshi2,"That is so creepy and scary. Imagine if he really was a Dr, and the only one available in your hmo.",fear
E0895,eemvqyd,"I got a weird vibe when he was placed on Colliton's staff, so I'm really glad it's turned out the way it did. ",joy
E0896,edp43iz,This picture really drives home that the CIS can be super terrifying when they want to.,fear
E0897,edd9kao,I think it was a one time thing because they still go for a lot more. I got lucky.,joy
E0898,ed6gbmd,My biggest fear is catching feelings. I got dangerously close once lol. It’s just about self control.,fear
E0899,eefz9sy,Confirmation sounds really scary and sketchy. I can not not think about cults and rituals everytime...,fear
E0900,eemr0vc,Right there with you. 20 years together and suddenly its over. I'm tired of crying and hurting. We'll get through this.,sadness
E0901,ee18hoz,Sad/Sweet for her to put in the effort to fake it!,sadness
E0902,ed6gyrn,Things did not go well on Eros Station...,sadness
E0903,eewz4os,All of season 6 is terrible,fear
E0904,edshpse,I second that motion...with A VENGEANCE!!,anger
E0905,eferito,Right? It was frustrating (and concerning) that he used such bad reasoning when his job is to curb phishing :/,anger
E0906,ef498k5,Hahah you right. Please don't tell any birds!,joy
E0907,ee1bg01,This story puts me in the mood for a jolly rancher,joy
E0908,ee7ivzg,The fact that you think like this is terrifying.,fear
E0909,edio7w9,We don’t “know” but it was reported he is expected to stay on. Really glad about it,joy
E0910,edn3j2g,Watch [NAME] left arm and hand as he's on the floor. Scary.,fear
E0911,eep759o,"Eesh, really sorry for your loss.",sadness
E0912,ed41f9o,Sorry. This happens to too many good people.,sadness
E0913,efdz1w4,Really rude move to do that in the rest room though.,anger
E0914,ed7kjft,"I’m glad things are coming to light, I pray justice is served for the victims. ",joy
E0915,ee9nc9z,>[NAME] One of the most horrifying stories I've ever heard of: the mom should be in psychiatric care and the doctor thrown in jail IMO.,fear
E0916,ed5quzx,"There. Are. No. Moderate. Republicans. Repeat this, nonstop, everytime she is mentioned. She is an extremist who pretends to be moderate.",anger
E0917,ee4cky1,How sad that you think because [NAME] wants something we should no longer want it. Grow up you child. Life does not revolve around you or [NAME].,sadness
E0918,eet6iru,no do not destroy [NAME] pope and glorius god emperor will cry :((((,sadness
E0919,ee1cat9,"I mean I dont think your wrong at all, but I would still be happy to fight you for funsies.",joy
E0920,edz52lz,Today on someone flamed me in chat,anger
E0921,ee6z5qo,Fire the ux designers and yes also our beloved [NAME],anger
E0922,ed6z4tl,DELETE THAT SCREEN SHOT! NOW!!!,anger
E0923,eeoiiuu,I was getting arrested and my dog run away from home like a bullet,sadness
E0924,edkqhj1,I always thought of the sound of lakes freezing on cold nights. It's pretty surreal in itself.,joy
E0925,eely6n7,Even more so. It would only make our prison (this world) even more diabolical.,fear
E0926,efesqfz,Yeah until the last one has creepily wed and reproduced.,fear
E0927,ednhemj,"Says millennials are afraid of hard work, dismisses the hard work required to get a fit body.",fear
E0928,ef9n3ld,I regret this post so hard so much debate and anger lol,anger
E0929,eelo4e4,The fact that this being brought up makes it a real scary feeling.,fear
E0930,eeqlt7f,"Bruh, I’ve been getting this tough love since I was 18. Hence the dusty balls. ",sadness
E0931,edxzwhq,Im glad to hear it !!!,joy
E0932,eeaqzyn,I'm afraid that will leave Britain no better. Can't imagine the ruckus if remain wins.,fear
E0933,edu77h4,I'm sorry for your loss. From the picture it looks like he had a great life if that helps,sadness
E0934,ef8977j,Yeah no one is gonna do that and get reported to HR for bigotry.,anger
E0935,edvalm5,No it wouldn't you dumbass,anger
E0936,edowcgb,"Ah sorry [NAME], I was going to join. But your desperate posts scared me away!",fear
E0937,edq33zd,An afternoon of Big Cat vs Vol Twitter will be fun,joy
E0938,eecbvu9,I would have tactically thrown dynamite and blown my self up about 2 seconds in.,fear
E0939,edjgenn,I was scared of my room and even when I fell asleep in my bed I would sleep walk into my mom's room,fear
E0940,ed5hig8,"Ugh, he sounds like a slob and you should leave him.",anger
E0941,eeo4djd,"Ouch, that hurts, would've won without the injury",sadness
E0942,eek6rzd,"Somebody should make this a smaller video to share it around, this poor kid is going through a lot.",sadness
E0943,ef64o7c,So glad to hear that! you go girl<3,joy
E0944,edh5bsh,for me it was def the egg yolk. i’m pouting as i reluctantly eat it.,sadness
E0945,eddqd0h,Probably scared they’re gonna get flashed by a camera.,fear
E0946,eeq2ubk,"Agreed. Sadly, it's not uncommon enough, and it makes me sad because of the implications about mutual respect or the lack thereof.",sadness
E0947,edoch06,"Which totally makes it less funny for a person like me who has never seen this before, and laughed. ",joy
E0948,ed2275o,Otherwise it would be a terrible disservice to the NHL,sadness
E0949,eeymgef,"Problem is, it is Bantam and younger. I can teach breakouts easy enough and I don't need a panicked D zone to do it.",anger
E0950,ee7uzrk,"Cheers mate, ill do that!",joy
E0951,eescux3,[NAME] is often regarded as strategically the worst Lord in the series because of this. [NAME],sadness
E0952,edoc46b,"Tool fan from the U.S. here. Something seems off about this question. Cheers, mate!",joy
E0953,edwwrqh,"Hard to describe, but I get a more relaxed sleep with cbd.",joy
E0954,eegsgex,How dare you make an attempt to be kind!,anger
E0955,ef3lswq,"Peeps poisoned our water supply, burned our crops, and delivered a plague unto our houses!",sadness
E0956,edm89cn,Here's my [NAME]. and [NAME] in front of our tree :),joy
E0957,eczsn48,[NAME] looked terrible that game. I was really hoping to be wrong but he came just as advertised by Hawks fans,fear
E0958,eetil5z,"I read this place obsessively and didn't see it, so I'm enjoying it and upvoting it anyway",joy
E0959,edj6iov,We're in it... and now [NAME] is going to the bench? Gotta good feeling!,joy
E0960,ed2dm2q,How is one not amused by that? I can't imagine being angry even if it was my lunch. lmao...,anger
E0961,eespo78,"Ahhh, I see. I thought you were saying they made you afraid of the sessions.",fear
E0962,edkngiz,Go to Happiest Hour before/after the game. Walking distance b/w AA center. It's a fun spot!,joy
E0963,efa46lf,"For crying out loud, all they had to do was use the smegging wipers!",sadness
E0964,eeoym4a,Oh what a day! What a lovely day!,joy
E0965,ed3xacm,When has the Alt-Right ever been working class? Its always the richest white guys who are horribly socially inept.,fear
E0966,edfongj,TRENDY PEOPLE DANCING WITH PRODUCTS,anger
E0967,eeqa057,I tried doing this for my son but he was afraid of it.,fear
E0968,eczsgpq,2005? I think we might be the same person lol. What a terrible year. I go back to that one a lot.,fear
E0969,edpy5vx,"Mental games. Take a (mental) shot everytime the teacher mispronounces a word,or messes up grammatically",anger
E0970,ed2hqj5,Life is Strange is terrible. Absolutely zero gameplay...,fear
E0971,edfe1cj,I feel bad for laughing at this now that the creator of Spongebob passed away a month ago.,sadness
E0972,ees7mym,"No, but I might choose to not support certain teams because their owners are trash.",anger
E0973,ee6ubza,It’s the comment about smelling her that makes it pure cringe.,fear
E0974,eeyavui,I must be getting old. Much more likely to be horny at 2 pm.,sadness
E0975,ef5osec,Bonus: her infamous bizarre introduction video. Truly frightening,fear
E0976,ed16okv,[NAME] was horribly inconsistent this year,fear
E0977,edr1i29,"Blizzard was working with Activision long before Hots. I'm afraid its too late now, to divorce.",fear
E0978,ee52hgi,Hooray! ...But I'll still never be able to afford a home.,sadness
E0979,ef3cv9w,"Oh god, [NAME] is terrible. My kid loves it though, and Dr [NAME]",fear
E0980,edv4lx2,well guys it was fun. [NAME] passed up the open three ffs,joy
E0981,ee1ixqq,Children taken below decks by [NAME]. Get out now,anger
E0982,ed0ffbv,"It's already the 2nd here, but happy new years! 🎉",joy
E0983,edd4bg5,*losing hope Loose is what your mom is,sadness
E0984,edcso0g,"If you are not going to kick him out, then don't complain. It is all your choice",anger
E0985,eeo4b7n,"Couldn't really fit this as a ""how to,"" does that mean I have to go to jail now? Source: ",fear
E0986,efa25dl,"I was, and it's not. He's mad that someone posts articles he disagrees with. Pathetic and his fury is deranged ",anger
E0987,edttasq,Report her to the police. Physical threats are a no-no.,fear
E0988,edo1pve,Don't forget colors. They panic at the sight of a chess board.,fear
E0989,eexoo1z,DONT BE NEEDY. TALK TO OTHER GIRLS.,anger
E0990,ee5ppte,Why am I gonna do? Stop the ant? I’m scared of him too,fear
E0991,ee1n1bx,"While I understand where you are coming from, this is a tad too aggressive.",anger
E0992,eevolq7,True. I just always enjoyed the atmosphere of that place. And a couple of the sandwiches weren't bad at all.,joy
E0993,eeyjv6z,Get outta here and delete your post cause you're sure gonna look dumb in front of a lot of people other than me.,anger
E0994,efe73d3,I am interested if still available. This would be way more fun then my smith center season!,joy
E0995,edhovhi,This genuinely made me angry. He and his sociopath of a wife deserve each other.,anger
E0996,ed5vq71,This makes me unfathomably angry.,anger
E0997,edj3og4,I would stay away from [NAME]. Apparently his injury got infected and will require more surgery/surgeries,fear
E0998,eeej9lo,I was thinking it’s sad that a team that hasn’t had a FRP for what seems like a decade has a better record than us.,sadness
E0999,eeldfra,I thought this was a torb skin and I was about to die,fear
E1000,edps13p,And? Did i say they didnt? Read the whole thread you bimbo,anger
